{"stats":{"minecraft:crafted":{"firstuselessmod:ruby":10,"firstuselessmod:ruby_block":1,"firstuselessmod:metal_detector":1},"minecraft:dropped":{"firstuselessmod:raw_ruby":1,"firstuselessmod:ruby":22},"minecraft:mined":{"firstuselessmod:ruby_ore":5,"firstuselessmod:ruby_block":2},"minecraft:used":{"firstuselessmod:ruby_ore":29,"firstuselessmod:sound_block":2,"minecraft:crafting_table":3,"minecraft:furnace":1,"minecraft:stone_pickaxe":1,"minecraft:iron_pickaxe":7,"firstuselessmod:ruby_block":110,"firstuselessmod:metal_detector":52},"minecraft:picked_up":{"firstuselessmod:ruby_ore":4,"firstuselessmod:ruby_block":2,"firstuselessmod:ruby":1,"firstuselessmod:raw_ruby":5},"minecraft:custom":{"minecraft:time_since_rest":11150,"minecraft:crouch_one_cm":222,"minecraft:sprint_one_cm":92,"minecraft:interact_with_furnace":2,"minecraft:play_time":11150,"minecraft:damage_taken":50,"minecraft:walk_one_cm":11261,"minecraft:sneak_time":135,"minecraft:drop":23,"minecraft:jump":14,"minecraft:leave_game":24,"minecraft:time_since_death":11150,"minecraft:total_world_time":11926,"minecraft:interact_with_crafting_table":6,"minecraft:fall_one_cm":752,"minecraft:fly_one_cm":7194}},"DataVersion":3465}