{
  "parent": "minecraft:recipes/root",
  "criteria": {
    "has_raw_ruby": {
      "conditions": {
        "items": [
          {
            "items": [
              "firstuselessmod:raw_ruby"
            ]
          }
        ]
      },
      "trigger": "minecraft:inventory_changed"
    },
    "has_the_recipe": {
      "conditions": {
        "recipe": "firstuselessmod:ruby_from_blasting_raw_ruby"
      },
      "trigger": "minecraft:recipe_unlocked"
    }
  },
  "requirements": [
    [
      "has_raw_ruby",
      "has_the_recipe"
    ]
  ],
  "rewards": {
    "recipes": [
      "firstuselessmod:ruby_from_blasting_raw_ruby"
    ]
  },
  "sends_telemetry_event": false
}