{
  "parent": "minecraft:recipes/root",
  "criteria": {
    "has_ruby_ore_drop": {
      "conditions": {
        "items": [
          {
            "items": [
              "firstuselessmod:ruby_ore_drop"
            ]
          }
        ]
      },
      "trigger": "minecraft:inventory_changed"
    },
    "has_the_recipe": {
      "conditions": {
        "recipe": "firstuselessmod:ruby_from_smelting_ruby_ore_drop"
      },
      "trigger": "minecraft:recipe_unlocked"
    }
  },
  "requirements": [
    [
      "has_ruby_ore_drop",
      "has_the_recipe"
    ]
  ],
  "rewards": {
    "recipes": [
      "firstuselessmod:ruby_from_smelting_ruby_ore_drop"
    ]
  },
  "sends_telemetry_event": false
}